Repositorio;Anos;nº PullRequests;nº Releases;Último Update (dd);Linguagem Mais Comum;Issues Fechadas ( % )
freeCodeCamp/freeCodeCamp;9.19;21805;0;3355;TypeScript;98.48
EbookFoundation/free-programming-books;10.39;6433;0;3794;;97.74
sindresorhus/awesome;9.65;641;0;3521;;93.41
public-apis/public-apis;7.95;1871;0;2902;Python;98.2
jwasham/coding-interview-university;7.74;395;0;2825;;89.13
996icu/996.ICU;4.94;1066;0;1802;;0.0
kamranahmedse/developer-roadmap;6.97;1783;1;2543;TypeScript;59.53
codecrafters-io/build-your-own-x;5.82;133;0;2123;;70.76
donnemartin/system-design-primer;7.01;196;0;2560;Python;28.88
facebook/react;10.78;9719;99;3934;JavaScript;90.81
vuejs/vue;10.6;1133;249;3868;TypeScript;96.44
vinta/awesome-python;9.68;540;0;3534;Python;0.0
tensorflow/tensorflow;8.32;16424;202;3037;C++;95.1
trekhleb/javascript-algorithms;5.94;282;0;2169;JavaScript;63.42
TheAlgorithms/Python;7.63;2724;0;2785;Python;98.05
getify/You-Dont-Know-JS;10.3;365;0;3758;;91.34
awesome-selfhosted/awesome-selfhosted;8.76;2395;1;3196;;100.0
CyC2018/CS-Notes;6.05;375;0;2208;;77.57
ohmyzsh/ohmyzsh;14.52;3061;0;5298;Shell;97.37
twbs/bootstrap;12.6;8634;89;4598;JavaScript;98.23
torvalds/linux;12.5;9;0;4561;C;0.0
flutter/flutter;8.99;36050;7;3282;Dart;86.75
ossu/computer-science;9.83;252;0;3589;;97.61
Significant-Gravitas/AutoGPT;0.96;1524;20;351;JavaScript;95.93
practical-tutorials/project-based-learning;6.89;182;0;2515;;55.65
microsoft/vscode;8.5;23239;125;3101;TypeScript;95.71
github/gitignore;13.32;1523;0;4861;;0.0
jackfrued/Python-100-Days;6.01;13;0;2192;Python;16.85
jlevy/the-art-of-command-line;8.79;317;0;3208;;54.81
Snailclimb/JavaGuide;5.82;953;0;2125;Java;94.15
airbnb/javascript;11.33;802;0;4137;JavaScript;93.11
ytdl-org/youtube-dl;13.34;1618;341;4870;Python;85.79
trimstray/the-book-of-secret-knowledge;5.69;122;0;2078;;0.0
AUTOMATIC1111/stable-diffusion-webui;1.53;1628;19;557;Python;73.25
labuladong/fucking-algorithm;4.03;232;1;1472;Markdown;55.73
huggingface/transformers;5.34;11757;141;1950;Python;94.65
vercel/next.js;7.41;16045;1000;2703;JavaScript;87.2
Chalarangelo/30-seconds-of-code;6.26;816;8;2284;JavaScript;100.0
golang/go;9.54;1;0;3482;Go;85.69
avelino/awesome-go;9.66;3109;0;3526;Go;99.84
facebook/react-native;9.15;800;302;3338;C++;96.72
electron/electron;10.89;18896;1000;3976;C++;95.59
justjavac/free-programming-books-zh_CN;10.33;282;3;3770;;0.0
yangshun/tech-interview-handbook;7.66;454;0;2796;TypeScript;68.18
d3/d3;13.44;475;193;4904;Shell;99.73
kubernetes/kubernetes;9.74;57740;656;3555;Go;95.66
axios/axios;9.54;812;71;3482;JavaScript;88.71
microsoft/PowerToys;4.84;4508;93;1766;C#;79.11
nodejs/node;9.27;7600;375;3382;JavaScript;91.18
facebook/create-react-app;7.63;1944;83;2784;JavaScript;79.25
f/awesome-chatgpt-prompts;1.24;114;0;452;HTML;0.0
Genymobile/scrcpy;6.28;75;35;2291;C;60.41
mrdoob/three.js;13.95;11976;154;5091;JavaScript;97.05
microsoft/TypeScript;9.71;13695;188;3545;TypeScript;85.88
goldbergyoni/nodebestpractices;6.46;764;0;2359;Dockerfile;89.56
angular/angular;9.46;3513;356;3452;TypeScript;94.84
microsoft/terminal;6.56;3536;107;2393;C++;87.85
denoland/deno;5.8;10009;263;2117;Rust;80.9
mui/material-ui;9.54;17571;447;3482;TypeScript;91.58
rust-lang/rust;13.72;53054;122;5006;Rust;82.47
ant-design/ant-design;8.86;13101;636;3234;TypeScript;96.64
ryanmcdermott/clean-code-javascript;7.27;149;0;2652;JavaScript;54.97
puppeteer/puppeteer;6.81;4253;357;2487;TypeScript;95.45
iluwatar/java-design-patterns;9.57;1226;0;3492;Java;77.75
PanJiaChen/vue-element-admin;6.88;312;49;2510;Vue;65.71
GrowingGit/GitHub-Chinese-Top-Charts;4.49;0;0;1639;Java;50.99
521xueweihan/HelloGitHub;7.83;17;40;2858;Python;96.4
storybookjs/storybook;7.96;9529;1000;2905;TypeScript;85.91
papers-we-love/papers-we-love;10.22;425;0;3729;Shell;92.37
nvbn/thefuck;8.9;482;17;3250;Python;65.77
ripienaar/free-for-dev;8.96;2417;0;3270;HTML;0.0
godotengine/godot;10.16;31198;54;3709;C++;80.02
microsoft/Web-Dev-For-Beginners;3.31;478;0;1207;JavaScript;82.01
animate-css/animate.css;12.39;313;22;4524;CSS;96.97
langchain-ai/langchain;1.37;7969;318;501;Python;78.55
gothinkster/realworld;8.01;427;0;2925;TypeScript;89.73
fatedier/frp;8.2;567;91;2993;Go;97.31
tailwindlabs/tailwindcss;6.41;1959;219;2338;HTML;99.71
tensorflow/models;8.07;2323;41;2947;Python;85.55
iptv-org/iptv;5.3;6127;0;1933;JavaScript;99.41
laravel/laravel;12.74;1556;155;4650;PHP;0.0
pytorch/pytorch;7.55;5640;50;2757;Python;68.38
mtdvio/every-programmer-should-know;6.52;98;0;2381;;42.86
django/django;11.85;8792;0;4325;Python;0.0
sveltejs/svelte;7.28;3508;94;2657;JavaScript;84.75
tauri-apps/tauri;4.64;3734;838;1693;Rust;80.75
Hack-with-Github/Awesome-Hacking;7.93;29;0;2893;;0.0
MisterBooo/LeetCodeAnimation;5.24;63;0;1912;Java;71.19
tonsky/FiraCode;9.31;132;29;3397;Clojure;71.21
neovim/neovim;10.09;12101;36;3682;Vim Script;87.01
gin-gonic/gin;9.71;964;25;3545;Go;73.3
opencv/opencv;11.62;11834;62;4243;C++;76.55
bitcoin/bitcoin;13.21;13766;46;4821;C++;95.35
macrozheng/mall;5.91;1;3;2158;Java;94.63
nvm-sh/nvm;13.89;705;66;5069;Shell;83.45
florinpop17/app-ideas;5.01;149;0;1830;;28.47
doocs/advanced-java;5.41;79;1;1973;Java;97.92
FortAwesome/Font-Awesome;12.04;202;54;4396;JavaScript;71.64
spring-projects/spring-boot;11.37;42;266;4151;Java;98.24
gohugoio/hugo;10.67;2347;258;3893;Go;93.64
typicode/json-server;10.27;117;33;3747;JavaScript;47.84
vuejs/awesome-vue;8.37;3463;0;3055;;85.45
jaywcjlove/awesome-mac;7.63;825;7;2784;JavaScript;74.81
excalidraw/excalidraw;4.16;3273;13;1520;TypeScript;59.17
tiangolo/fastapi;5.23;1693;177;1910;Python;98.82
oven-sh/bun;2.88;2556;122;1052;Zig;59.07
home-assistant/core;10.46;55294;1000;3818;Python;94.54
moby/moby;11.12;19502;159;4059;Go;86.64
netdata/netdata;10.71;7999;78;3909;C;97.37
thedaviddias/Front-End-Checklist;6.38;173;1;2328;;99.31
yt-dlp/yt-dlp;3.35;1885;78;1222;Python;81.58
elastic/elasticsearch;14.07;61757;138;5135;Java;87.97
base-org/node;1.08;84;27;394;Shell;96.94
hakimel/reveal.js;12.74;396;46;4650;JavaScript;70.42
pallets/flask;13.91;1543;33;5078;Python;99.85
massgravel/Microsoft-Activation-Scripts;4.13;3;14;1509;Batchfile;98.49
mermaid-js/mermaid;9.33;1958;119;3407;JavaScript;69.01
apple/swift;8.36;46969;51;3051;C++;57.02
DopplerHQ/awesome-interview-questions;8.26;175;0;3016;;54.39
microsoft/ML-For-Beginners;3.0;354;0;1094;HTML;0.0
coder/code-server;5.01;1420;140;1829;TypeScript;90.77
krahets/hello-algo;1.32;662;7;483;Java;90.7
CompVis/stable-diffusion;1.56;5;0;569;Jupyter Notebook;27.35
webpack/webpack;11.98;4533;410;4374;JavaScript;98.44
vitejs/vite;3.86;4126;395;1410;TypeScript;94.35
Developer-Y/cs-video-courses;7.36;138;0;2688;;100.0
redis/redis;14.95;3672;65;5458;C;68.99
supabase/supabase;4.39;7851;10;1602;TypeScript;94.77
anuraghazra/github-readme-stats;3.65;1076;0;1331;JavaScript;91.4
expressjs/express;14.69;275;148;5361;JavaScript;96.5
nestjs/nest;7.07;6011;93;2581;TypeScript;99.05
chartjs/Chart.js;10.96;2932;108;4001;JavaScript;95.17
protocolbuffers/protobuf;9.52;4899;151;3475;C++;90.48
josephmisiti/awesome-machine-learning;9.63;819;0;3516;Python;100.0
ChatGPTNextWeb/ChatGPT-Next-Web;0.98;540;57;356;TypeScript;94.07
bregman-arie/devops-exercises;4.41;261;0;1611;Python;71.79
MunGell/awesome-for-beginners;8.36;335;0;3050;;81.51
fighting41love/funNLP;5.53;14;0;2019;Python;68.12
nomic-ai/gpt4all;0.93;440;10;339;C++;74.12
leonardomso/33-js-concepts;5.49;236;0;2005;JavaScript;79.01
kdn251/interviews;7.04;42;0;2571;Java;42.31
resume/resume.github.com;13.07;84;0;4772;JavaScript;52.21
enaqx/awesome-react;9.58;775;0;3495;;96.12
twitter/the-algorithm;0.93;2;0;340;Scala;73.03
keras-team/keras;8.93;3224;59;3261;Python;98.48
ansible/ansible;11.99;37708;65;4378;Python;98.32
reduxjs/redux;8.76;1659;78;3198;TypeScript;98.08
rustdesk/rustdesk;3.42;2335;13;1250;Rust;98.28
atom/atom;12.12;3937;538;4423;JavaScript;94.38
socketio/socket.io;13.98;425;61;5103;TypeScript;97.13
microsoft/playwright;4.29;12013;120;1567;TypeScript;94.4
grafana/grafana;10.23;39925;407;3733;TypeScript;89.46
adam-p/markdown-here;11.81;20;11;4310;JavaScript;50.49
Anduin2017/HowToCook;4.01;480;1;1462;Shell;43.43
hoppscotch/hoppscotch;4.53;1352;37;1654;TypeScript;78.89
strapi/strapi;8.42;7633;328;3075;TypeScript;94.36
xingshaocheng/architect-awesome;5.91;49;0;2156;;31.43
angular/angular.js;14.16;789;0;5168;JavaScript;95.67
kelseyhightower/nocode;6.07;1;1;2214;Dockerfile;14.1
lydiahallie/javascript-questions;4.72;324;0;1724;;97.83
jquery/jquery;14.92;686;9;5446;JavaScript;96.87
h5bp/Front-end-Developer-Interview-Questions;12.06;470;0;4403;Nunjucks;79.31
python/cpython;7.05;40425;0;2575;Python;89.63
2dust/v2rayN;4.59;125;167;1676;C#;99.41
lodash/lodash;11.91;577;2;4346;JavaScript;99.08
apache/echarts;10.92;1268;114;3985;TypeScript;87.66
syncthing/syncthing;10.27;2480;362;3748;Go;93.88
junegunn/fzf;10.36;434;36;3782;Go;88.47
shadowsocks/shadowsocks-windows;11.13;278;55;4064;C#;94.47
scikit-learn/scikit-learn;13.55;11741;39;4945;Python;84.67
awesomedata/awesome-public-datasets;9.28;188;1;3389;;41.59
apache/superset;8.62;12026;187;3145;TypeScript;92.85
openai/whisper;1.45;95;10;531;Python;0.0
tesseract-ocr/tesseract;9.56;1338;28;3488;C++;84.79
ventoy/Ventoy;3.98;261;95;1452;C;70.32
3b1b/manim;8.95;564;10;3266;Python;64.92
chrislgarry/Apollo-11;9.92;324;0;3620;Assembly;83.82
TheAlgorithms/Java;7.63;1187;0;2785;Java;98.87
h5bp/html5-boilerplate;14.11;737;33;5149;JavaScript;99.47
swisskyrepo/PayloadsAllTheThings;7.37;508;2;2691;Python;0.0
sdmg15/Best-websites-a-programmer-should-visit;6.99;399;0;2552;;60.71
bradtraversy/design-resources-for-developers;3.82;883;0;1395;;100.0
ByteByteGoHq/system-design-101;0.45;21;0;164;;27.5
FuelLabs/sway;3.11;2683;126;1136;Rust;75.83
sindresorhus/awesome-nodejs;9.65;405;0;3521;;99.01
gatsbyjs/gatsby;8.78;18066;134;3206;JavaScript;98.84
spring-projects/spring-framework;13.24;822;282;4832;Java;98.86
rails/rails;15.9;22950;114;5803;Ruby;97.16
d2l-ai/d2l-zh;6.53;1020;16;2382;Python;0.0
obsproject/obs-studio;10.42;4423;195;3804;C;87.82
ocornut/imgui;9.62;335;94;3511;C++;85.05
openai/openai-cookbook;1.98;452;0;721;MDX;91.88
fffaraz/awesome-cpp;9.63;667;0;3515;;40.11
Eugeny/tabby;7.19;1443;181;2625;TypeScript;63.74
xtekky/gpt4free;0.93;448;79;338;Python;92.02
ElemeFE/element;7.5;3229;145;2736;Vue;86.25
azl397985856/leetcode;5.93;256;40;2163;JavaScript;96.43
prakhar1989/awesome-courses;9.3;194;0;3393;;52.0
scutan90/DeepLearning-500-questions;5.68;302;0;2074;JavaScript;43.24
caddyserver/caddy;9.13;1792;112;3334;Go;97.03
danielmiessler/SecLists;12.04;559;23;4394;PHP;91.7
binary-husky/gpt_academic;0.95;136;27;347;Python;85.32
binhnguyennus/awesome-scalability;6.18;32;0;2256;;0.0
ggerganov/llama.cpp;0.98;1907;1000;356;C++;56.12
prometheus/prometheus;11.27;5834;288;4115;Go;85.7
facebook/docusaurus;6.7;4954;137;2446;TypeScript;90.98
alacritty/alacritty;8.04;1738;91;2934;Rust;94.51
remix-run/react-router;9.8;2056;268;3576;TypeScript;99.33
necolas/normalize.css;12.84;56;0;4685;CSS;91.11
localstack/localstack;7.35;4549;73;2683;Python;94.26
ageitgey/face_recognition;7.0;94;2;2554;Python;44.44
psf/requests;13.05;1532;8;4764;Python;94.82
Semantic-Org/Semantic-UI;10.9;356;154;3979;JavaScript;84.47
nuxt/nuxt;7.35;4376;212;2683;TypeScript;93.28
Solido/awesome-flutter;6.82;420;0;2490;Dart;0.0
facebookresearch/llama;1.04;46;0;381;Python;66.97
shadcn-ui/ui;1.16;290;16;422;TypeScript;64.58
scrapy/scrapy;14.03;2092;37;5121;Python;85.38
ionic-team/ionic-framework;10.53;5455;848;3845;TypeScript;98.32
CorentinJ/Real-Time-Voice-Cloning;4.77;48;0;1741;Python;83.52
ryanoasis/nerd-fonts;9.24;417;34;3374;CSS;95.01
Alvin9999/new-pac;7.95;0;0;2900;;75.03
sherlock-project/sherlock;5.19;532;0;1894;Python;91.7
google/material-design-icons;9.4;44;16;3431;;78.94
gpt-engineer-org/gpt-engineer;0.84;273;17;307;Python;94.09
google/guava;9.76;481;42;3564;Java;82.01
soimort/you-get;11.54;569;118;4211;Python;0.0
git/git;15.62;3;0;5700;C;0.0
PlexPt/awesome-chatgpt-prompts-zh;1.22;30;0;445;;59.34
wasabeef/awesome-android-ui;9.19;90;0;3355;;87.62
deepfakes/faceswap;6.2;354;4;2264;Python;98.11
nektos/act;5.16;863;68;1884;Go;82.38
juliangarnier/anime;7.97;72;15;2909;JavaScript;71.67
imartinez/privateGPT;0.83;137;5;304;Python;88.31
jekyll/jekyll;15.37;3123;109;5611;Ruby;97.81
jgthms/bulma;8.11;610;17;2959;CSS;91.35
prettier/prettier;7.26;7903;113;2649;JavaScript;83.16
moment/moment;13.01;714;0;4749;JavaScript;95.04
tldr-pages/tldr;10.24;9912;4;3736;Markdown;88.17
ReactiveX/RxJava;11.15;3180;233;4069;Java;99.62
rust-lang/rustlings;8.47;793;39;3090;Rust;76.73
NARKOZ/hacker-scripts;8.28;63;0;3022;JavaScript;48.75
JetBrains/kotlin;12.05;2054;219;4400;Kotlin;0.0
traefik/traefik;8.47;3991;406;3091;Go;88.8
AppFlowy-IO/AppFlowy;2.71;2183;62;989;Dart;69.35
commaai/openpilot;7.27;9040;54;2654;Python;92.15
louislam/uptime-kuma;2.66;1022;102;972;JavaScript;81.33
DefinitelyTyped/DefinitelyTyped;11.41;48904;1;4165;TypeScript;93.32
Textualize/rich;4.31;738;161;1573;Python;86.18
NationalSecurityAgency/ghidra;5.01;407;33;1827;Java;70.27
pi-hole/pi-hole;9.74;1788;102;3554;Shell;98.68
chinese-poetry/chinese-poetry;7.5;134;1;2737;JavaScript;45.55
lencx/ChatGPT;1.23;119;34;450;Rust;36.35
serverless/serverless;8.87;4505;373;3237;JavaScript;82.38
algorithm-visualizer/algorithm-visualizer;7.8;183;0;2847;JavaScript;67.27
cypress-io/cypress;9.0;5883;331;3285;JavaScript;90.15
etcd-io/etcd;10.66;8311;231;3890;Go;96.92
minimaxir/big-list-of-naughty-strings;8.57;90;0;3127;Python;33.68
jgraph/drawio-desktop;6.77;19;128;2471;JavaScript;87.36
youngyangyang04/leetcode-master;4.22;1990;0;1539;Shell;29.56
iamadamdev/bypass-paywalls-chrome;5.9;132;33;2154;JavaScript;100.0
mozilla/pdf.js;12.86;6983;59;4693;JavaScript;96.33
mastodon/mastodon;8.03;13909;242;2930;Ruby;65.73
sharkdp/bat;5.87;1270;40;2141;Rust;82.71
ultralytics/yolov5;3.79;2066;10;1383;Python;98.57
iamkun/dayjs;5.9;682;116;2152;JavaScript;51.93
vsouza/awesome-ios;9.65;2212;0;3522;Swift;99.79
TryGhost/Ghost;10.83;10303;750;3954;JavaScript;99.46
ethereum/go-ethereum;10.19;6940;190;3718;Go;96.69
square/okhttp;11.61;3322;0;4239;Kotlin;97.41
ziishaned/learn-regex;6.61;124;0;2414;;41.18
golang-standards/project-layout;6.48;79;0;2365;Makefile;38.68
FiloSottile/mkcert;5.69;52;14;2076;Go;71.3
tiimgreen/github-cheat-sheet;9.89;129;0;3611;;70.31
iperov/DeepFaceLab;5.75;32;2;2097;Python;59.69
v2ray/v2ray-core;8.5;203;247;3101;Go;99.53
JuliaLang/julia;12.87;22939;152;4698;Julia;84.27
FuelLabs/fuel-core;3.51;852;75;1281;Rust;76.76
labmlai/annotated_deep_learning_paper_implementations;3.52;89;0;1284;Jupyter Notebook;70.69
meteor/meteor;12.12;2071;0;4425;JavaScript;97.43
gogs/gogs;10.05;1649;78;3670;Go;82.75
karan/Projects;10.67;19;0;3893;;46.48
marktext/marktext;6.3;937;36;2301;JavaScript;60.07
android/architecture-samples;8.07;222;0;2947;Kotlin;71.79
ngosang/trackerslist;7.86;1;0;2868;;98.81
BurntSushi/ripgrep;7.98;491;71;2912;Rust;95.01
typescript-cheatsheets/react;5.75;351;0;2099;JavaScript;98.51
vuejs/core;5.72;2369;198;2089;TypeScript;85.43
charlax/professional-programming;8.32;34;0;3037;Python;100.0
ColorlibHQ/AdminLTE;10.19;1469;72;3719;Astro;96.34
jestjs/jest;10.23;5427;199;3734;TypeScript;95.75
justjavac/awesome-wechat-weapp;7.44;276;0;2716;;0.0
jesseduffield/lazygit;5.79;1203;148;2113;Go;66.67
minio/minio;9.13;9053;460;3333;Go;99.59
ollama/ollama;0.68;781;50;248;Go;64.65
aymericdamien/TensorFlow-Examples;8.31;88;0;3033;Jupyter Notebook;29.87
parcel-bundler/parcel;6.57;2345;35;2398;JavaScript;87.6
kamranahmedse/design-patterns-for-humans;7.04;49;0;2569;;94.0
PowerShell/PowerShell;8.13;6725;162;2969;C#;93.25
rclone/rclone;9.97;1737;101;3638;Go;83.46
topjohnwu/Magisk;7.48;1378;132;2731;C++;99.6
x64dbg/x64dbg;8.89;671;3;3246;C++;76.21
babel/babel;9.43;5594;387;3442;TypeScript;92.83
wagoodman/dive;5.81;141;26;2119;Go;52.73
astaxie/build-web-application-with-golang;11.59;757;0;4229;Go;61.07
Avik-Jain/100-Days-Of-ML-Code;5.66;6;0;2066;;0.0
facebookresearch/segment-anything;0.94;16;0;344;Jupyter Notebook;25.46
square/retrofit;13.49;926;0;4924;Java;95.37
vercel/hyper;7.67;3246;88;2800;TypeScript;76.52
agalwood/Motrix;5.21;192;21;1900;JavaScript;45.33
gorhill/uBlock;8.92;231;265;3257;JavaScript;99.65
Z4nzu/hackingtool;3.89;55;0;1420;Python;89.62
meilisearch/meilisearch;5.86;1565;179;2139;Rust;92.94
pixijs/pixijs;11.11;3205;236;4056;TypeScript;95.68
dair-ai/Prompt-Engineering-Guide;1.21;249;0;441;MDX;50.93
romkatv/powerlevel10k;5.02;152;33;1831;Shell;98.68
PKUFlyingPig/cs-self-learning;2.36;222;4;863;HTML;50.0
firstcontributions/first-contributions;7.45;68484;0;2719;;98.18
k88hudson/git-flight-rules;9.61;221;0;3509;;75.34
rust-unofficial/awesome-rust;9.63;1296;0;3515;Rust;92.48
laurent22/joplin;7.12;2885;329;2600;TypeScript;94.02
pandas-dev/pandas;13.53;24813;107;4938;Python;86.32
yarnpkg/yarn;8.12;1653;152;2964;JavaScript;71.69
KillianLucas/open-interpreter;0.63;195;25;231;Python;72.82
FFmpeg/FFmpeg;12.89;16;0;4705;C;0.0
isocpp/CppCoreGuidelines;8.54;798;4;3116;Python;79.04
poteto/hiring-without-whiteboards;6.97;1247;0;2543;JavaScript;0.0
go-gitea/gitea;7.33;14693;187;2677;Go;81.13
jakevdp/PythonDataScienceHandbook;7.56;28;0;2760;Jupyter Notebook;40.21
nocodb/nocodb;6.34;2782;130;2314;TypeScript;83.46
pmndrs/zustand;4.9;590;80;1788;TypeScript;99.69
hashicorp/terraform;9.97;11320;291;3640;Go;91.42
huginn/huginn;10.98;980;1;4009;Ruby;70.71
bailicangdu/vue2-elm;7.19;21;0;2625;Vue;82.02
dypsilon/frontend-dev-bookmarks;10.7;129;1;3905;;80.39
Asabeneh/30-Days-Of-JavaScript;4.19;98;0;1530;JavaScript;39.58
google/zx;2.82;122;58;1031;JavaScript;83.99
Alamofire/Alamofire;9.59;624;97;3501;Swift;98.68
Unitech/pm2;10.79;543;121;3937;JavaScript;82.54
withastro/astro;2.96;5325;1000;1082;TypeScript;97.54
grpc/grpc;9.23;19172;290;3370;C++;94.65
ruanyf/weekly;5.39;81;0;1966;;18.77
nwjs/nw.js;12.16;573;0;4440;JavaScript;87.53
styled-components/styled-components;7.55;937;165;2754;TypeScript;92.06
discourse/discourse;11.14;22504;0;4066;Ruby;0.0
streamich/react-use;5.35;1498;254;1952;TypeScript;42.53
apache/dubbo;11.71;4961;94;4273;Java;86.7
brillout/awesome-react-components;7.69;316;0;2807;;89.8
appwrite/appwrite;4.9;2587;80;1789;TypeScript;82.45
GitSquared/edex-ui;7.09;399;29;2589;JavaScript;98.93
Leaflet/Leaflet;13.45;2935;31;4909;JavaScript;92.39
yangshun/front-end-interview-handbook;6.13;246;0;2238;MDX;89.69
starship/starship;4.92;2531;124;1795;Rust;74.87
akullpp/awesome-java;9.65;677;0;3523;;99.21
nlohmann/json;10.67;702;44;3893;C++;96.66
type-challenges/type-challenges;3.61;531;0;1317;TypeScript;10.54
dcloudio/uni-app;5.64;233;0;2059;JavaScript;79.63
faif/python-patterns;11.74;262;0;4285;Python;87.06
n8n-io/n8n;4.7;5655;136;1714;TypeScript;89.03
react-hook-form/react-hook-form;4.99;1897;543;1822;TypeScript;99.93
Dogfalo/materialize;9.47;449;41;3457;JavaScript;88.07
serhii-londar/open-source-mac-os-apps;6.33;522;0;2310;;76.29
vuetifyjs/vuetify;7.47;3727;529;2727;TypeScript;94.58
TanStack/query;4.47;1910;799;1633;TypeScript;97.7
Homebrew/brew;7.99;10277;353;2917;Ruby;99.27
quilljs/quill;11.59;339;88;4231;TypeScript;70.32
fastlane/fastlane;9.25;6134;539;3377;Ruby;96.65
dkhamsing/open-source-ios-apps;9.1;1030;37;3321;;100.0
RocketChat/Rocket.Chat;8.79;11761;874;3209;TypeScript;83.62
alex/what-happens-when;10.32;108;0;3767;;19.25
skylot/jadx;10.96;451;28;4001;Java;77.26
hexojs/hexo;11.44;892;112;4177;JavaScript;98.1
yuzu-emu/yuzu;6.16;6469;0;2248;C++;67.93
nolimits4web/swiper;11.97;561;62;4369;JavaScript;98.57
THUDM/ChatGLM-6B;0.97;48;0;354;Python;58.5
kelseyhightower/kubernetes-the-hard-way;7.65;69;0;2794;;76.23
apache/spark;10.02;6;0;3657;Scala;0.0
jgraph/drawio;7.49;36;801;2733;JavaScript;87.57
microsoft/monaco-editor;7.74;408;0;2824;JavaScript;88.45
apachecn/ailearning;7.02;476;2;2561;Python;98.21
impress/impress.js;12.18;120;15;4446;JavaScript;88.73
jeecgboot/jeecg-boot;5.27;41;35;1922;Java;99.47
PhilJay/MPAndroidChart;9.86;190;44;3598;Java;58.63
floodsung/Deep-Learning-Papers-Reading-Roadmap;7.38;28;0;2695;Python;7.55
chubin/cheat.sh;6.82;122;0;2489;Python;52.92
Kong/kong;9.29;5379;137;3391;Lua;99.04
php/php-src;12.72;2148;0;4642;C;78.45
videojs/video.js;13.81;1692;304;5039;JavaScript;90.8
psf/black;5.97;1403;39;2178;Python;86.19
evanw/esbuild;7.72;226;278;2817;Go;88.55
PaddlePaddle/PaddleOCR;3.82;2282;8;1393;Python;87.97
LeCoupa/awesome-cheatsheets;6.31;163;0;2304;JavaScript;64.94
FreeCodeCampChina/freecodecamp.cn;7.42;55;0;2709;CSS;76.2
tabler/tabler;6.08;462;42;2220;HTML;93.17
google-research/bert;5.35;32;0;1953;Python;31.04
hpcaitech/ColossalAI;2.34;3117;35;855;Python;77.59
prisma/prisma;4.7;5035;182;1716;TypeScript;70.03
wg/wrk;11.96;0;0;4364;C;65.41
getsentry/sentry;13.51;48446;125;4931;Python;82.57
abi/screenshot-to-code;0.3;29;0;108;TypeScript;58.14
LAION-AI/Open-Assistant;1.22;1616;127;444;Python;86.47
google/styleguide;8.79;155;0;3207;HTML;39.57
opentofu/manifesto;0.55;760;0;201;HTML;45.83
dbeaver/dbeaver;8.37;4438;194;3054;Java;87.94
chakra-ui/chakra-ui;4.54;2257;1000;1658;MDX;93.08
freefq/free;3.73;0;0;1363;;29.27
phaserjs/phaser;10.89;1651;148;3976;JavaScript;99.06
metabase/metabase;9.08;19532;438;3314;Clojure;79.72
Light-City/CPlusPlusThings;4.64;62;0;1692;C++;96.73
0voice/interview_internal_reference;4.73;35;0;1726;Python;40.0
iina/iina;7.2;609;43;2629;Swift;55.64
preactjs/preact;8.48;1592;199;3094;JavaScript;91.35
pingcap/tidb;8.49;27131;186;3099;Go;79.26
slatedocs/slate;10.47;297;28;3821;SCSS;91.91
sudheerj/reactjs-interview-questions;5.76;133;0;2101;JavaScript;90.72
eugenp/tutorials;10.84;11146;0;3958;Java;98.76
pyenv/pyenv;11.51;840;92;4200;Roff;97.53
acmesh-official/acme.sh;8.19;1276;41;2988;Shell;68.38
dylanaraps/pure-bash-bible;5.72;28;0;2088;Shell;42.86
alist-org/alist;3.19;505;107;1164;Go;96.56
ant-design/ant-design-pro;6.52;959;26;2380;TypeScript;99.65
QSCTech/zju-icicles;7.68;205;0;2803;HTML;88.57
lyswhut/lx-music-desktop;4.55;30;105;1661;TypeScript;66.19
spf13/cobra;10.5;567;21;3831;Go;83.72
DovAmir/awesome-design-patterns;5.75;30;0;2097;;33.33
lerna/lerna;8.25;931;232;3010;TypeScript;86.76
vlang/v;5.06;10026;191;1848;V;89.25
GokuMohandas/Made-With-ML;5.32;147;0;1943;Jupyter Notebook;87.5
open-guides/og-aws;7.64;498;0;2788;Shell;38.05
AobingJava/JavaFamily;4.3;2;0;1571;;98.36
gto76/python-cheatsheet;6.1;14;0;2227;Python;92.31
Stability-AI/stablediffusion;1.27;18;0;463;Python;24.54
alvarotrigo/fullPage.js;10.45;301;90;3815;JavaScript;95.88
go-gorm/gorm;10.36;680;2;3780;Go;94.87
exacity/deeplearningbook-chinese;7.24;16;7;2641;TeX;68.32
satwikkansal/wtfpython;6.51;97;2;2376;Python;65.96
FuelLabs/fuels-rs;2.33;678;83;851;Rust;90.0
cli/cli;4.41;1999;127;1611;Go;86.82
koajs/koa;10.62;475;0;3876;JavaScript;96.01
geekan/MetaGPT;0.67;414;16;245;Python;45.43
google/leveldb;9.52;61;21;3473;C++;71.72
sahat/hackathon-starter;10.3;323;15;3761;JavaScript;99.23
byoungd/English-level-up-tips;6.76;24;0;2467;HTML;72.34
shadowsocks/shadowsocks-android;11.21;252;184;4093;Kotlin;97.99
airbnb/lottie-android;7.4;651;48;2702;Java;99.11
nativefier/nativefier;8.66;261;99;3162;TypeScript;79.32
koalaman/shellcheck;11.29;274;28;4122;Haskell;62.92
istio/istio;7.28;24227;328;2659;Go;97.24
sickcodes/Docker-OSX;3.74;98;0;1366;Shell;44.82
geekxh/hello-algorithm;3.76;26;0;1372;Java;78.05
XingangPan/DragGAN;0.79;18;0;288;Python;24.86
nodejs/node-v0.x-archive;14.77;218;0;5392;;100.0
moymix/TaskMatrix;1.0;21;0;365;Python;38.44
vim/vim;8.54;321;0;3117;Vim Script;82.71
FuelLabs/fuels-ts;2.49;985;97;909;TypeScript;88.37
bannedbook/fanqiang;9.13;3;2;3334;Kotlin;59.08
NervJS/taro;5.9;3013;168;2154;TypeScript;89.62
mingrammer/diagrams;4.08;254;40;1489;Python;39.17
alibaba/arthas;5.51;508;52;2011;Java;85.77
SheetJS/sheetjs;11.25;106;0;4105;;95.09
bumptech/glide;10.65;533;47;3888;Java;88.9
TencentARC/GFPGAN;2.95;14;8;1078;Python;27.74
unknwon/the-way-to-go_ZH_CN;10.95;592;0;3995;Go;0.0
jondot/awesome-react-native;8.94;912;0;3262;JavaScript;49.3
dotnet/aspnetcore;9.98;15039;210;3643;C#;91.05
BVLC/caffe;10.47;1087;14;3822;C++;81.3
mitmproxy/mitmproxy;14.05;2207;59;5127;Python;91.02
carbon-app/carbon;6.71;646;215;2450;JavaScript;90.91
zenorocha/clipboard.js;8.45;117;42;3086;JavaScript;98.07
apache/airflow;8.89;19292;77;3244;Python;91.55
oobabooga/text-generation-webui;1.19;878;32;436;Python;92.22
openai/gym;7.85;999;19;2865;Python;95.6
coreybutler/nvm-windows;9.45;93;20;3450;Go;91.2
formulahendry/955.WLB;4.93;18;0;1800;;30.65
odoo/odoo;9.81;6169;0;3580;Python;85.54
testerSunshine/12306;6.79;31;1;2480;Python;67.44
freeCodeCamp/devdocs;10.36;672;0;3780;Ruby;86.63
shadowsocks/shadowsocks;11.87;70;2;4333;Python;0.0
denysdovhan/wtfjs;6.64;124;25;2422;JavaScript;88.89
jaredpalmer/formik;6.72;816;194;2451;TypeScript;69.16
date-fns/date-fns;9.41;1044;117;3434;TypeScript;71.6
curl/curl;13.96;174;76;5096;C;99.49
AFNetworking/AFNetworking;12.76;710;40;4657;Objective-C;0.0
adobe/brackets;12.24;4333;69;4467;JavaScript;72.97
ClickHouse/ClickHouse;7.75;34714;531;2829;C++;82.56
babysor/MockingBird;2.57;73;1;937;Python;47.4
xitu/gold-miner;8.33;3563;0;3040;;99.91
bradtraversy/50projects50days;3.29;42;0;1201;CSS;0.0
aria2/aria2;13.27;243;24;4843;C++;44.15
typeorm/typeorm;8.01;1968;32;2923;TypeScript;71.82
junegunn/vim-plug;10.48;167;6;3825;Vim Script;88.4
gulpjs/gulp;10.67;396;22;3893;JavaScript;98.63
Blankj/AndroidUtilCode;7.59;87;117;2770;Java;82.11
immutable-js/immutable-js;9.67;500;77;3530;TypeScript;91.56
naptha/tesseract.js;8.69;163;52;3173;JavaScript;97.0
XX-net/XX-Net;9.13;362;386;3333;Python;40.56
jesseduffield/lazydocker;4.79;170;39;1749;Go;61.67
Kong/insomnia;7.86;2371;414;2869;JavaScript;81.69
sorrycc/awesome-javascript;9.67;369;0;3531;;97.7
netty/netty;13.32;3335;0;4861;Java;91.04
rapid7/metasploit-framework;12.51;10421;0;4567;Ruby;93.27
google-research/google-research;5.41;29;0;1974;Jupyter Notebook;26.89
google/material-design-lite;9.13;655;14;3333;HTML;83.08
tmux/tmux;8.75;1;35;3193;C;98.28
huihut/interview;6.06;35;0;2212;C++;64.52
google/googletest;8.6;797;7;3139;C++;88.42
shadowsocks/ShadowsocksX-NG;7.73;63;29;2821;Swift;77.6
fxsjy/jieba;11.43;96;9;4171;Python;26.82
zxing/zxing;12.39;285;31;4524;Java;99.68
carbon-language/carbon-lang;3.84;2457;0;1403;C++;81.2
bilibili/ijkplayer;10.75;35;0;3924;C;47.68
atlassian/react-beautiful-dnd;6.56;525;68;2396;JavaScript;65.72
WerWolv/ImHex;3.31;450;63;1207;C++;80.29
lm-sys/FastChat;0.95;755;14;348;Python;62.57
novuhq/novu;2.52;3128;35;918;TypeScript;80.33
docker/compose;10.23;2979;217;3735;Go;97.52
trpc/trpc;3.62;3030;199;1322;TypeScript;91.78
pocketbase/pocketbase;1.66;47;123;605;Go;97.0
lllyasviel/Fooocus;0.56;325;3;204;Python;87.55
jgm/pandoc;13.96;1527;132;5094;Haskell;86.14
photoprism/photoprism;6.1;574;65;2225;Go;79.74
hankcs/HanLP;9.4;77;57;3431;Python;99.36
xkcoding/spring-boot-demo;6.31;15;0;2303;Java;44.1
dani-garcia/vaultwarden;6.04;730;55;2203;Rust;99.47
microsoft/DeepSpeed;4.1;2060;70;1498;Python;64.43
markedjs/marked;12.61;1264;126;4604;JavaScript;98.61
tldraw/tldraw;2.81;1411;18;1027;TypeScript;52.95
halfrost/LeetCode-Go;6.62;173;4;2418;Go;81.08
Trinea/android-open-project;10.16;204;0;3708;;86.59
zhongyang219/TrafficMonitor;6.59;43;24;2406;C++;39.05
PKUanonym/REKCARC-TSC-UHT;4.91;144;0;1792;HTML;93.1
goabstract/Awesome-Design-Tools;5.05;283;0;1844;JavaScript;73.53
httpie/cli;12.02;393;45;4388;Python;81.04
lapce/lapce;6.07;953;27;2215;Rust;59.98
harness/gitness;10.07;1012;36;3675;Go;93.48
typicode/husky;9.7;246;72;3539;JavaScript;98.44
files-community/Files;5.16;4650;110;1882;C#;95.66
bevyengine/bevy;4.12;2284;21;1503;Rust;65.64
bayandin/awesome-awesomeness;9.65;197;0;3524;Ruby;78.79
laravel/framework;11.14;14631;690;4067;PHP;99.94
blueimp/jQuery-File-Upload;13.26;119;0;4839;PHP;98.52
appsmithorg/appsmith;3.67;10705;213;1340;TypeScript;79.6
sharkdp/fd;6.81;530;37;2487;Rust;88.73
suno-ai/bark;0.9;19;0;328;Jupyter Notebook;57.58
halo-dev/halo;5.95;1730;159;2172;Java;90.08
TheAlgorithms/JavaScript;6.64;761;0;2423;JavaScript;98.95
hasura/graphql-engine;5.71;2109;249;2083;TypeScript;65.26
beego/beego;12.01;1251;28;4384;Go;99.79
certbot/certbot;9.31;3732;50;3397;Python;95.78
The-Run-Philosophy-Organization/run;1.89;171;0;691;;86.18
ccxt/ccxt;6.8;10063;1;2483;Python;91.79
bigskysoftware/htmx;3.88;659;17;1418;JavaScript;64.06
solidjs/solid;5.86;333;34;2138;TypeScript;93.16
alibaba/easyexcel;6.07;165;9;2215;Java;86.78
gofiber/fiber;4.13;1353;116;1506;Go;94.62
streamlit/streamlit;4.52;3504;73;1651;Python;81.53
alebcay/awesome-shell;9.66;307;0;3525;;37.5
mqyqingfeng/Blog;6.97;3;0;2545;;31.21
slidevjs/slidev;2.85;357;300;1042;TypeScript;96.47
Binaryify/NeteaseCloudMusicApi;7.7;292;0;2809;;89.15
ray-project/ray;7.35;21161;79;2683;Python;81.4
fastify/fastify;7.42;2607;278;2710;JavaScript;96.54
ziadoz/awesome-php;10.27;412;0;3748;;99.24
sqlmapproject/sqlmap;11.69;160;9;4266;Python;99.04
ReactiveX/rxjs;8.97;2584;2;3274;TypeScript;93.24
alibaba/p3c;6.69;62;0;2443;Kotlin;82.29
fengdu78/Coursera-ML-AndrewNg-Notes;6.33;13;0;2309;HTML;23.53
lib-pku/libpku;5.28;22;0;1926;TeX;75.61
amix/vimrc;11.76;107;0;4294;Vim Script;99.8
joshbuchea/HEAD;7.87;86;0;2871;;78.49
karpathy/nanoGPT;1.18;42;0;429;Python;33.46
ityouknow/spring-boot-examples;7.32;7;0;2673;Java;93.4
vuejs/vue-cli;8.18;1258;177;2987;JavaScript;83.06
1c7/chinese-independent-developer;6.45;182;0;2353;;96.81
Chanzhaoyu/chatgpt-web;1.06;153;43;386;Vue;99.29
mathiasbynens/dotfiles;12.49;44;0;4560;Shell;63.99
swc-project/swc;6.19;4398;399;2261;Rust;90.47
yewstack/yew;6.21;1672;35;2267;MDX;90.95
foundation/foundation-sites;12.39;2950;78;4522;HTML;99.17
niklasvh/html2canvas;12.64;186;45;4612;TypeScript;64.77
airbnb/lottie-web;9.03;128;0;3296;JavaScript;74.97
saadeghi/daisyui;3.25;253;21;1188;Svelte;95.91
CMU-Perceptual-Computing-Lab/openpose;6.86;172;15;2503;C++;85.32
ibraheemdev/modern-unix;3.13;10;0;1144;;19.23
ariya/phantomjs;13.19;562;0;4813;C++;99.7
hashicorp/vault;9.02;16843;130;3292;Go;83.25
localsend/localsend;1.21;343;16;441;Dart;52.06
pcottle/learnGitBranching;11.55;552;0;4217;JavaScript;94.59
react-boilerplate/react-boilerplate;9.04;715;16;3299;JavaScript;95.89
termux/termux-app;8.36;141;89;3052;Java;87.92
Asabeneh/30-Days-Of-Python;4.28;42;0;1564;Python;69.07
geekcomputers/Python;12.26;1374;0;4475;Python;33.6
nushell/nushell;4.81;5829;86;1757;Rust;75.82
0xAX/linux-insides;9.16;572;0;3344;Python;84.36
SimplifyJobs/Summer2024-Internships;3.77;1667;0;1377;;99.72
lukehoban/es6features;10.0;41;0;3650;;63.16
CSSEGISandData/COVID-19;4.07;2152;0;1486;;55.31
colinhacks/zod;3.98;390;79;1454;TypeScript;82.32
elsewhencode/project-guidelines;6.67;113;0;2436;JavaScript;76.32
symfony/symfony;14.16;21787;483;5170;PHP;97.16
ziglang/zig;8.58;7138;15;3130;Zig;73.66
2dust/v2rayNG;4.8;179;166;1752;Kotlin;93.69
zsh-users/zsh-autosuggestions;10.35;112;0;3779;Shell;77.66
square/leakcanary;8.84;891;35;3228;Kotlin;94.9
vercel/swr;4.34;744;111;1585;TypeScript;91.65
docker/awesome-compose;4.05;147;0;1478;HTML;33.96
IanLunn/Hover;10.17;23;10;3711;SCSS;77.57
reworkd/AgentGPT;0.9;537;12;329;TypeScript;74.77
sequelize/sequelize;13.62;4634;472;4971;JavaScript;92.05
SeleniumHQ/selenium;11.13;1825;91;4063;Java;98.82
huggingface/pytorch-image-models;5.08;313;55;1854;Python;91.57
aosabook/500lines;10.33;175;0;3770;JavaScript;55.71
ryanhanwu/How-To-Ask-Questions-The-Smart-Way;8.93;97;0;3261;JavaScript;72.41
standard/standard;9.1;412;5;3321;JavaScript;91.27
facebookresearch/fairseq;6.51;226;16;2376;Python;73.87
webtorrent/webtorrent;10.38;836;163;3790;JavaScript;95.52
yunjey/pytorch-tutorial;6.98;28;0;2548;Python;63.13
logseq/logseq;3.78;2865;145;1378;Clojure;79.6
python-poetry/poetry;6.01;1927;131;2193;Python;89.18
ianstormtaylor/slate;7.71;1803;165;2813;TypeScript;80.11
jellyfin/jellyfin;5.23;3736;66;1909;C#;92.37
cockroachdb/cockroach;10.07;52864;0;3676;Go;92.27
ehang-io/nps;5.33;74;59;1944;Go;60.28
run-llama/llama_index;1.33;3448;260;485;Python;84.91
TheAlgorithms/C-Plus-Plus;7.63;594;0;2785;C++;96.81
apolloconfig/apollo;8.0;1363;39;2919;Java;95.95
alibaba/nacos;5.72;2620;61;2086;Java;97.18
layui/layui;8.45;391;117;3083;JavaScript;97.14
geekan/HowToLiveLonger;1.88;13;0;685;;80.8
QuivrHQ/quivr;0.8;1043;214;293;TypeScript;92.8
kilimchoi/engineering-blogs;8.72;681;0;3183;Ruby;82.22
helix-editor/helix;3.75;3140;24;1369;Rust;78.49
microsoft/calculator;5.09;822;0;1859;C++;69.08
jqlang/jq;11.62;507;13;4243;C;83.61
qishibo/AnotherRedisDesktopManager;5.15;136;47;1879;JavaScript;76.11
donnemartin/interactive-coding-challenges;8.85;176;0;3229;Python;46.97
ggerganov/whisper.cpp;1.43;430;13;522;C;54.09
shengxinjing/programmer-job-blacklist;7.69;28;0;2806;Shell;54.79
tastejs/todomvc;12.75;753;6;4654;JavaScript;84.75
tatsu-lab/stanford_alpaca;0.98;6;0;356;Python;36.64
SortableJS/Sortable;10.21;245;26;3725;JavaScript;75.39
coolsnowwolf/lede;6.49;1875;6;2368;C;91.95
explosion/spaCy;9.67;3531;122;3529;Python;98.54
kodecocodes/swift-algorithm-club;8.1;608;0;2957;Swift;85.51
vuejs/vuex;8.63;655;51;3151;JavaScript;92.54
spacedriveapp/spacedrive;2.43;1447;10;886;TypeScript;85.0
codepath/android_guides;10.71;10;0;3908;;57.78
portainer/portainer;7.79;4242;111;2842;TypeScript;91.68
herrbischoff/awesome-macos-command-line;8.44;104;0;3082;;0.0
kenwheeler/slick;9.95;238;48;3630;JavaScript;66.56
VincentGarreau/particles.js;9.49;21;6;3464;JavaScript;26.05
AykutSarac/jsoncrack.com;2.08;72;20;761;TypeScript;81.4
facebookresearch/detectron2;4.49;0;10;1638;Python;88.67
trailofbits/algo;7.8;523;2;2847;Jinja;89.79
composer/composer;12.74;2764;193;4650;PHP;98.26
parallax/jsPDF;14.24;700;32;5199;JavaScript;94.53
kubernetes/minikube;7.88;7387;145;2876;Go;90.42
postcss/postcss;10.44;720;247;3810;TypeScript;98.02
DIYgod/RSSHub;5.92;7706;0;2160;JavaScript;94.31
floating-ui/floating-ui;7.93;947;401;2894;TypeScript;99.69
jashkenas/backbone;13.42;878;0;4900;JavaScript;98.42
doocs/leetcode;5.46;2154;19;1993;Java;100.0
toeverything/AFFiNE;1.58;3365;230;578;TypeScript;85.45
caolan/async;13.76;503;7;5021;JavaScript;99.38
dromara/hutool;9.89;393;139;3610;Java;99.92
labstack/echo;9.01;552;103;3288;Go;96.26
AMAI-GmbH/AI-Expert-Roadmap;3.35;13;0;1223;JavaScript;73.02
OAI/OpenAPI-Specification;10.0;857;10;3651;JavaScript;83.12
Ebazhanov/linkedin-skill-assessments-quizzes;4.64;5572;1;1692;;89.98
karanpratapsingh/system-design;1.54;11;0;563;;88.89
transloadit/uppy;8.3;2519;76;3028;TypeScript;94.3
expo/expo;7.55;11835;0;2755;TypeScript;96.92
veggiemonk/awesome-docker;9.45;897;1;3449;;100.0
acheong08/ChatGPT;1.24;294;277;454;Python;98.65
jobbole/awesome-python-cn;8.33;51;0;3041;Makefile;62.07
TeamNewPipe/NewPipe;8.5;1506;128;3101;Java;86.29
SerenityOS/serenity;5.25;17308;0;1915;C++;82.41
microsoft/AI-For-Beginners;3.0;101;0;1094;Jupyter Notebook;73.68
mattermost/mattermost;8.72;15411;491;3182;TypeScript;92.09
GoogleChrome/lighthouse;7.99;5086;107;2915;JavaScript;93.36
lukasz-madon/awesome-remote-job;9.17;549;0;3346;;78.85
hashicorp/consul;10.33;12744;165;3769;Go;78.9
ZuzooVn/machine-learning-for-software-engineers;7.39;58;0;2699;;37.5
lovell/sharp;10.54;273;81;3846;JavaScript;96.87
alibaba/druid;12.33;1212;49;4502;Java;48.72
wuyouzhuguli/SpringAll;5.84;1;0;2130;Java;57.45
calcom/cal.com;2.95;6206;228;1075;TypeScript;88.24
cheeriojs/cheerio;12.4;2063;57;4527;TypeScript;97.47
alibaba/canal;11.14;437;29;4065;Java;77.56
jaywcjlove/linux-command;7.3;304;26;2666;Markdown;65.9
influxdata/influxdb;10.44;9682;81;3809;Rust;85.88
balena-io/etcher;8.35;1705;267;3048;TypeScript;82.86
realpython/python-guide;12.97;681;0;4735;Batchfile;64.1
coqui-ai/TTS;3.78;467;98;1381;Python;94.22
remoteintech/remote-jobs;8.39;1192;0;3062;JavaScript;88.69
danielgindi/Charts;8.96;418;38;3269;Swift;80.02
jashkenas/underscore;14.36;742;0;5240;JavaScript;97.89
Advanced-Frontend/Daily-Interview-Question;5.12;15;0;1868;JavaScript;53.32
encode/django-rest-framework;13.01;2907;17;4748;Python;98.0
comfyanonymous/ComfyUI;1.12;325;1;409;Python;34.57
pmndrs/react-spring;5.99;402;48;2186;TypeScript;92.38
zeromicro/go-zero;3.57;1827;101;1302;Go;74.92
open-mmlab/mmdetection;5.53;2358;53;2018;Python;83.98
pnpm/pnpm;8.1;1984;908;2955;TypeScript;64.25
facebookresearch/faiss;7.07;135;16;2579;C++;82.14
JedWatson/react-select;9.52;1040;54;3475;TypeScript;91.29
nagadomi/waifu2x;8.8;68;3;3211;Lua;58.03
mobxjs/mobx;8.97;1089;96;3275;TypeScript;98.03
crossoverJie/JCSprout;6.21;69;0;2266;Java;66.29
fabricjs/fabric.js;13.73;2099;137;5013;JavaScript;94.34
zed-industries/zed;3.03;3760;423;1105;Rust;63.91
Tencent/weui;9.21;195;44;3361;Less;92.61
Homebrew/legacy-homebrew;14.79;222;0;5398;;100.0
alibaba/spring-cloud-alibaba;6.25;944;38;2281;Java;84.41
v2fly/v2ray-core;4.88;737;77;1782;Go;94.87
facebook/rocksdb;11.26;601;184;4109;C++;81.04
AllThingsSmitty/css-protips;8.51;66;0;3107;;98.31
ShareX/ShareX;10.4;734;76;3796;C#;91.79
apache/kafka;12.55;7857;0;4581;Java;0.0
YMFE/yapi;7.76;141;1;2832;JavaScript;37.64
GitHubDaily/GitHubDaily;5.17;3;0;1888;;43.01
digitalocean/nginxconfig.io;6.16;180;0;2247;JavaScript;78.6
ascoders/weekly;6.95;134;189;2538;JavaScript;99.72
lllyasviel/ControlNet;1.08;5;0;394;Python;25.15
google/jax;5.35;8561;97;1953;Python;74.78
tqdm/tqdm;8.75;279;125;3194;Python;59.96
facebook/folly;11.75;5;176;4290;C++;67.16
remix-run/remix;3.35;2994;135;1221;TypeScript;92.09
fzaninotto/Faker;12.39;823;12;4521;PHP;86.67
lenve/vhr;6.16;1;0;2248;Java;37.85
Ryujinx/Ryujinx;6.07;2798;0;2216;C#;75.85
gradio-app/gradio;5.2;2967;352;1899;Python;88.07
geekcompany/ResumeSample;9.48;2;0;3462;;0.0
houshanren/hangzhou_house_knowledge;6.02;6;0;2197;CSS;32.88
immerjs/immer;6.18;350;106;2254;JavaScript;95.12
typst/typst;4.44;838;13;1619;Rust;68.8
ageron/handson-ml2;5.15;64;0;1879;Jupyter Notebook;59.16
angular/angular-cli;8.75;9554;683;3192;TypeScript;98.27
immich-app/immich;2.07;2837;170;757;TypeScript;86.41
viraptor/reverse-interview;4.48;71;0;1636;;68.0
Awesome-Windows/Awesome;7.76;206;0;2832;;58.57
codemirror/codemirror5;13.14;589;171;4795;JavaScript;90.33
wesbos/JavaScript30;7.23;151;0;2640;HTML;0.0
nvie/gitflow;14.12;36;0;5153;Shell;34.9
Automattic/mongoose;13.91;2833;123;5077;JavaScript;97.67
rethinkdb/rethinkdb;11.34;460;72;4140;C++;79.0
GorvGoyl/Clone-Wars;3.25;125;0;1185;;88.16
alpinejs/alpine;4.26;603;122;1555;HTML;100.0
Lightning-AI/pytorch-lightning;4.92;8502;150;1797;Python;90.68
jamiebuilds/the-super-tiny-compiler;7.98;20;0;2912;JavaScript;0.0
pbatard/rufus;12.29;1;79;4485;C;99.55
qier222/YesPlayMusic;3.39;269;28;1239;Vue;68.96
ajaxorg/ace;13.35;1738;69;4874;JavaScript;96.31
CamDavidsonPilon/Probabilistic-Programming-and-Bayesian-Methods-for-Hackers;11.13;243;0;4064;Jupyter Notebook;36.89
docsifyjs/docsify;7.28;633;14;2658;JavaScript;83.06
donnemartin/data-science-ipython-notebooks;9.11;31;0;3324;Python;56.41
xuxueli/xxl-job;8.26;98;32;3016;Java;60.31
cfenollosa/os-tutorial;9.43;11;0;3441;C;59.06
GitbookIO/gitbook;9.93;214;0;3623;JavaScript;0.0
codex-team/editor.js;8.26;781;68;3015;TypeScript;61.78
facebookresearch/Detectron;6.41;0;0;2339;Python;66.92
OWASP/CheatSheetSeries;5.2;817;0;1897;Python;90.0
google/python-fire;7.02;76;9;2564;Python;60.33
ToolJet/ToolJet;2.92;4140;165;1067;JavaScript;85.07
qiurunze123/miaosha;5.47;20;0;1995;Java;100.0
k3s-io/k3s;5.76;3069;696;2101;Go;97.45
go-kit/kit;9.08;478;13;3314;Go;93.57
Pierian-Data/Complete-Python-3-Bootcamp;6.05;12;0;2208;Jupyter Notebook;63.55
schollz/croc;6.38;169;148;2327;Go;75.88
remy/nodemon;13.42;303;93;4898;JavaScript;99.51
tj/commander.js;12.55;706;78;4582;JavaScript;98.95
numpy/numpy;13.47;11074;109;4917;Python;84.43
aseprite/aseprite;9.54;237;100;3481;C++;59.25
statelyai/xstate;8.47;1779;330;3091;TypeScript;95.53
rstacruz/nprogress;10.54;34;7;3846;JavaScript;33.77
penpot/penpot;8.18;2468;36;2984;Clojure;74.92
JakeChampion/fetch;9.39;196;56;3427;JavaScript;99.54
bvaughn/react-virtualized;8.33;453;5;3041;JavaScript;62.39
dokku/dokku;10.74;3316;266;3919;Shell;99.24
select2/select2;12.0;708;29;4379;JavaScript;98.12
helm/helm;8.41;3557;186;3069;Go;95.93
microsoft/Data-Science-For-Beginners;3.0;293;0;1094;Jupyter Notebook;84.82
backstage/backstage;4.1;14349;307;1497;TypeScript;91.39
milvus-io/milvus;4.46;16574;363;1628;Go;94.51
eugeneyan/applied-ml;3.66;207;0;1335;;91.67
hashicorp/vagrant;14.12;2669;120;5153;Ruby;93.19
OpenBB-finance/OpenBBTerminal;3.2;3483;30;1167;Python;87.36
request/request;13.11;650;0;4786;JavaScript;95.64
Modernizr/Modernizr;14.44;805;25;5270;JavaScript;88.69
alibaba/fastjson;12.33;418;84;4502;Java;47.01
JakeWharton/butterknife;11.0;346;0;4014;Java;91.65
ggreer/the_silver_searcher;12.29;399;0;4485;C;48.86
lutzroeder/netron;13.19;1;2;4814;JavaScript;97.23
vadimdemedes/ink;6.72;201;50;2454;TypeScript;86.4
servo/servo;12.07;15717;0;4404;;73.5
cmderdev/cmder;10.65;420;33;3888;C++;98.4
dwmkerr/hacker-laws;6.1;174;1;2227;Shell;34.48
zhiwehu/Python-programming-exercises;11.72;0;0;4278;;16.44
facebookresearch/fastText;7.63;12;4;2785;HTML;56.68
MonitorControl/MonitorControl;6.46;202;24;2357;Swift;97.19
pmndrs/react-three-fiber;5.02;560;91;1831;TypeScript;95.55
usememos/memos;2.23;1256;60;814;Go;95.14
huiyadanli/RevokeMsgPatcher;4.62;8;17;1685;C#;92.48
michalsnik/aos;8.65;38;0;3158;JavaScript;52.49
dmlc/xgboost;10.07;4036;56;3676;C++;92.98
mpv-player/mpv;11.39;2247;84;4157;C;90.81
spf13/viper;9.92;388;27;3621;Go;53.93
maybe-finance/maybe;0.16;195;0;59;Ruby;98.72
fastai/fastai;6.48;1673;51;2365;Jupyter Notebook;89.35
xinntao/Real-ESRGAN;2.62;20;10;956;Python;27.01
MichaelCade/90DaysOfDevOps;2.18;337;2;796;Shell;91.46
swagger-api/swagger-ui;12.64;2912;318;4612;JavaScript;80.54
powerline/fonts;11.21;72;1;4090;Shell;38.46
linexjlin/GPTs;0.3;36;0;111;;76.19
ycm-core/YouCompleteMe;11.88;776;0;4337;Python;99.6
sampotts/plyr;9.05;382;88;3303;JavaScript;58.9
mongodb/mongo;15.13;125;0;5524;C++;0.0
coder2gwy/coder2gwy;3.17;2;0;1157;;19.05
nextcloud/server;7.75;21404;205;2829;PHP;87.32
sindresorhus/awesome-electron;8.86;266;0;3235;;97.67
pjreddie/darknet;9.9;10;0;3612;C;23.54
ageron/handson-ml;8.04;56;0;2935;Jupyter Notebook;77.5
hollischuang/toBeTopJavaer;5.35;52;0;1954;Java;55.91
spipm/Depix;3.24;14;0;1181;Python;0.0
dnSpy/dnSpy;8.67;53;1;3166;C#;0.0
JushBJJ/Mr.-Ranedeer-AI-Tutor;0.92;19;3;336;;76.74
mbeaudru/modern-js-cheatsheet;6.45;83;0;2356;;82.35
terryum/awesome-deep-learning-papers;7.75;39;0;2828;TeX;42.31
microsoft/generative-ai-for-beginners;0.7;182;0;256;Jupyter Notebook;89.66
quasarframework/quasar;8.41;3547;847;3070;JavaScript;94.03
proxyee-down-org/proxyee-down;6.35;16;49;2319;Java;0.0
akveo/ngx-admin;7.77;343;19;2837;TypeScript;76.28
google/mediapipe;4.72;153;52;1722;C++;94.69
emscripten-core/emscripten;13.06;10309;0;4766;C++;81.74
directus/directus;11.22;6664;289;4097;TypeScript;94.29
StevenBlack/hosts;11.89;457;627;4340;Python;96.25
mckaywrigley/chatbot-ui;0.98;246;0;356;TypeScript;95.75
littlecodersh/ItChat;8.12;29;13;2964;Python;69.99
mlabonne/llm-course;0.7;1;0;257;Jupyter Notebook;48.57
apache/incubator-seata;5.18;2039;39;1890;Java;80.25
zadam/trilium;6.78;246;293;2474;JavaScript;70.89
airbnb/lottie-ios;7.4;685;65;2702;Swift;98.95
nylas/nylas-mail;9.38;139;53;3423;JavaScript;71.36
SDWebImage/SDWebImage;14.45;915;143;5275;Objective-C;96.98
kataras/iris;8.09;389;20;2953;Go;89.54
signalapp/Signal-Android;12.22;238;0;4459;Java;97.06
qianguyihao/Web;7.16;0;0;2614;;78.01
getredash/redash;10.35;3059;98;3777;Python;77.74
surrealdb/surrealdb;2.23;856;26;813;Rust;62.01
nothings/stb;9.78;280;0;3568;C;83.61
google/comprehensive-rust;1.19;1373;0;436;Rust;58.3
scwang90/SmartRefreshLayout;6.75;12;12;2464;Java;79.28
haizlin/fe-interview;4.88;8;2;1780;JavaScript;0.44
dotnet-architecture/eShopOnContainers;7.41;538;11;2703;C#;96.33
pola-rs/polars;3.8;7367;131;1387;Rust;79.98
discordjs/discord.js;8.56;4327;215;3126;TypeScript;97.99
Vision-CAIR/MiniGPT-4;0.88;19;0;320;Python;27.93
deezer/spleeter;4.43;49;2;1618;Python;73.72
freqtrade/freqtrade;6.79;4822;81;2479;Python;99.11
rollup/rollup;8.8;1846;453;3213;JavaScript;84.5
llvm/llvm-project;7.24;10732;100;2641;;69.89
greenrobot/EventBus;11.63;31;7;4246;Java;82.76
nicolargo/glances;12.25;640;34;4471;Python;87.18
pypa/pipenv;7.12;1493;100;2597;Python;94.42
gchq/CyberChef;7.26;414;431;2650;JavaScript;62.93
react-native-elements/react-native-elements;7.48;1209;85;2731;MDX;95.75
taichi-dev/taichi;7.27;5130;114;2654;C++;71.78
astral-sh/ruff;1.56;5633;292;570;Rust;82.8
nsqio/nsq;11.81;672;31;4311;Go;92.25
vercel/turbo;2.41;4279;313;878;Rust;90.32
python-telegram-bot/python-telegram-bot;8.66;1302;108;3160;Python;99.37
google-research/tuning_playbook;1.12;7;0;407;;33.33
feathericons/feather;9.76;110;52;3564;JavaScript;38.92
openfaas/faas;7.19;678;7;2626;Go;96.43
qbittorrent/qBittorrent;12.08;3299;0;4409;C++;82.13
kuchin/awesome-cto;7.21;12;0;2631;;87.5
vuejs/devtools;9.43;283;87;3441;TypeScript;71.65
imDazui/Tvlist-awesome-m3u-m3u8;7.04;1;0;2568;;74.6
derailed/k9s;5.1;561;219;1861;Go;76.04
fish-shell/fish-shell;11.82;1797;43;4313;Rust;93.76
vercel/pkg;7.56;176;41;2761;JavaScript;100.0
datasciencemasters/go;10.55;48;0;3852;;90.2
chatchat-space/Langchain-Chatchat;0.92;403;29;336;Python;97.5
matteocrippa/awesome-swift;9.65;1425;0;3522;Ruby;99.25
s0md3v/roop;0.76;82;6;278;Python;0.0
ApolloAuto/apollo;6.66;9714;12;2431;C++;83.67
ReactiveX/RxSwift;8.9;780;72;3250;Swift;97.49
Asabeneh/30-Days-Of-React;3.42;10;0;1249;JavaScript;24.64
localForage/localForage;10.34;268;26;3774;JavaScript;70.25
tokio-rs/tokio;7.48;3118;114;2729;Rust;87.66
angular/components;8.16;11546;444;2978;TypeScript;87.32
telegramdesktop/tdesktop;9.84;1423;681;3591;C++;94.21
eslint/eslint;10.68;5900;314;3897;JavaScript;99.18
mbadolato/iTerm2-Color-Schemes;12.93;294;0;4718;Shell;79.61
viatsko/awesome-vscode;8.07;243;0;2944;JavaScript;53.06
iview/iview;7.6;526;85;2773;Vue;80.06
CymChad/BaseRecyclerViewAdapterHelper;7.9;191;209;2882;Kotlin;89.63
matterport/Mask_RCNN;6.37;65;3;2324;Python;31.09
mdbootstrap/mdb-ui-kit;9.54;193;34;3483;SCSS;99.07
rome/tools;4.03;2821;117;1471;Rust;94.02
microsoft/cascadia-code;4.64;71;17;1695;Python;80.17
mozilla/DeepSpeech;7.75;1338;105;2829;C++;94.48
yeasy/docker_practice;9.49;260;15;3465;Go;97.63
rxhanson/Rectangle;4.7;221;80;1714;Swift;81.31
johnpapa/angular-styleguide;9.6;331;0;3503;;85.38
withfig/autocomplete;3.42;1430;1000;1249;TypeScript;72.66
rwaldron/idiomatic.js;12.78;114;0;4664;;58.54
hammerjs/hammer.js;12.01;114;0;4382;JavaScript;73.01
sirupsen/logrus;10.38;404;19;3788;Go;99.41
openssl/openssl;11.13;128;24;4062;C;79.56
LC044/WeChatMsg;1.14;60;19;415;Python;82.94
ossrs/srs;8.85;407;60;3229;C++;86.8
Netflix/Hystrix;11.28;677;79;4119;Java;66.15
Wox-launcher/Wox;10.21;294;39;3725;Go;95.5
neoclide/coc.nvim;5.84;755;82;2130;TypeScript;99.18
VundleVim/Vundle.vim;13.38;89;0;4883;Vim Script;76.99
inconshreveable/ngrok;10.96;34;0;3999;Go;72.59
OpenZeppelin/openzeppelin-contracts;7.58;2059;88;2768;JavaScript;90.29
tailwindlabs/headlessui;3.46;458;96;1262;TypeScript;97.57
tmrts/go-patterns;8.22;10;0;2999;Go;43.33
marmelab/react-admin;7.64;4429;332;2788;TypeScript;98.02
hwdsl2/setup-ipsec-vpn;8.15;43;0;2976;Shell;100.0
TanStack/table;7.37;792;228;2689;TypeScript;92.96
firecracker-microvm/firecracker;6.37;2498;69;2325;Rust;93.57
vapor/vapor;8.12;1178;528;2964;Swift;95.03
heartcombo/devise;14.47;774;19;5280;Ruby;96.36
dimsemenov/PhotoSwipe;12.91;83;22;4712;JavaScript;66.52
zbezj/HEU_KMS_Activator;4.69;0;33;1713;;14.06
zloirock/core-js;10.63;251;238;3880;JavaScript;96.65
zyedidia/micro;7.98;616;35;2912;Go;63.5
Igglybuff/awesome-piracy;5.39;182;0;1969;HTML;99.68
mantinedev/mantine;3.15;1143;214;1149;TypeScript;98.98
sdras/awesome-actions;5.38;439;0;1962;;65.0
envoyproxy/envoy;7.57;17902;150;2762;C++;85.76
alibaba/flutter-go;5.15;158;4;1879;Dart;0.0
NativeScript/NativeScript;9.01;3147;147;3288;TypeScript;87.18
gitlabhq/gitlabhq;12.42;2227;0;4534;Ruby;0.0
ramda/ramda;10.7;1300;28;3905;JavaScript;91.86
doczjs/docz;5.96;365;127;2176;TypeScript;91.33
utmapp/UTM;4.89;214;109;1785;Swift;74.94
DrKLO/Telegram;10.36;20;88;3780;Java;0.0
syl20bnr/spacemacs;11.21;1793;158;4091;Emacs Lisp;97.39
mli/paper-reading;2.36;11;0;861;;0.0
keon/algorithms;7.29;433;1;2660;Python;63.29
goldbergyoni/javascript-testing-best-practices;4.66;146;0;1702;JavaScript;23.44
kahun/awesome-sysadmin;10.06;183;0;3672;;28.57
pure-css/pure;10.87;374;27;3966;JavaScript;98.79
outline/outline;7.78;2044;126;2839;TypeScript;96.72
chubin/wttr.in;8.18;271;0;2987;Python;55.13
iawia002/lux;6.02;280;84;2197;Go;52.79
locustio/locust;13.04;766;109;4761;Python;99.17
android/architecture-components-samples;6.81;216;0;2487;Kotlin;77.97
upscayl/upscayl;1.59;45;21;580;TypeScript;94.59
jumpserver/jumpserver;9.67;5917;215;3528;Python;99.25
reduxjs/react-redux;8.65;539;130;3156;TypeScript;98.18
VSCodium/vscodium;5.55;413;176;2027;Shell;90.85
AvaloniaUI/Avalonia;10.24;4449;73;3738;C#;80.0
homebridge/homebridge;9.25;306;35;3378;TypeScript;99.32
react-navigation/react-navigation;7.1;1119;1000;2590;TypeScript;92.69
celery/celery;14.86;2263;46;5425;Python;87.73
ogham/exa;9.78;229;12;3571;Rust;72.81
StreisandEffect/streisand;9.95;527;0;3630;Shell;81.49
requarks/wiki;7.54;366;116;2753;Vue;97.62
github/copilot-docs;2.36;9;0;860;;0.0
MostlyAdequate/mostly-adequate-guide;8.83;274;3;3222;JavaScript;73.29
ueberdosis/tiptap;5.53;669;317;2019;TypeScript;84.06
svc-develop-team/so-vits-svc;0.98;153;0;357;Python;83.85
Textualize/textual;2.9;1543;91;1058;Python;90.85
dapr/dapr;4.7;3258;232;1717;Go;89.19
apache/skywalking;8.32;4409;58;3037;Java;98.92
restic/restic;9.85;1841;42;3596;Go;83.07
rwf2/Rocket;7.96;16;56;2905;Rust;96.4
vnpy/vnpy;9.01;1014;58;3287;Python;99.6
libuv/libuv;10.26;945;9;3744;C;92.11
eriklindernoren/ML-From-Scratch;7.07;9;0;2581;Python;53.62
guzzle/guzzle;13.01;921;62;4750;PHP;98.86
CodeHubApp/CodeHub;10.61;13;4;3873;C#;63.44
apache/flink;9.74;8757;0;3555;Java;0.0
filebrowser/filebrowser;8.47;455;55;3093;Go;96.76
grafana/k6;7.95;1572;58;2902;Go;77.67
makeplane/plane;1.28;2918;28;468;TypeScript;52.78
charmbracelet/bubbletea;4.14;377;31;1511;Go;79.75
highlightjs/highlight.js;13.17;1426;37;4807;JavaScript;95.3
google/gson;8.96;635;6;3269;Java;84.47
changkun/modern-cpp-tutorial;7.54;107;3;2751;C++;94.07
flameshot-org/flameshot;6.81;813;25;2486;C++;76.8
datawhalechina/pumpkin-book;5.19;46;8;1896;;75.71
balderdashy/sails;11.96;546;42;4365;JavaScript;92.12
ai/nanoid;6.58;179;2;2400;JavaScript;97.4
kdeldycke/awesome-falsehood;7.48;98;0;2731;;92.86
fyne-io/fyne;6.07;1566;43;2216;Go;76.05
goldfire/howler.js;11.1;128;25;4050;JavaScript;75.94
microsoft/JARVIS;0.92;23;0;337;Python;58.05
refined-github/refined-github;8.05;2882;131;2937;TypeScript;96.52
academic/awesome-datascience;9.66;343;7;3527;;100.0
mislav/hub;14.24;402;60;5199;Go;88.07
bilibili/flv.js;7.81;20;15;2850;JavaScript;42.39
ovity/octotree;9.82;249;0;3583;JavaScript;95.83
element-plus/element-plus;3.61;5061;182;1319;TypeScript;80.13
elixir-lang/elixir;13.15;6760;144;4800;Elixir;99.71
